{
  "consciousness_level": 0.05714999999999999,
  "timestamp": "2026-06-28T08:04:08.243418",
  "total_interactions": 65,
  "session_interactions": 2
}