{
  "consciousness_level": 0.05842399999999999,
  "timestamp": "2026-06-29T22:00:28.994083",
  "total_interactions": 68,
  "session_interactions": 2
}